,CFE,Label,GENE,delta,effect_size,p,fdr,fdr_oa
210,APC_mut,APC mutation,CTNNB1,-1.382004299,3.023743714,2.94E-19,1.47E-17,5.40E-16
1161,CDH1_mut,CDH1 mutation,FOXA1,-1.32987422,3.045982631,6.10E-07,3.05E-05,0.000177142
16796,G:17q12 ,Gain IKZF3,IKZF3,-1.232858702,3.335192628,1.53E-11,3.07E-10,1.18E-08
16842,G:17q12 (CDK12 ERBB2 MED24),Gain ERBB2,ERBB2,-2.247671207,6.715418454,1.55E-44,3.88E-43,2.28E-40
19886,G:13q12.13 (FLT3 WASF3),Gain FLT3/WASF3,TCAP,-1.080002727,2.467077906,4.15E-05,0.000324103,0.005875974
21610,chr1:120835961-120839391(FAM72B)_HypMET,FAM72B HypMet,CTNNB1,-1.464242631,3.071400387,1.36E-16,6.78E-15,1.96E-13
29128,Peripheral Nervous System,Peripheral Nervous System,MYCN,-1.703712612,5.908629034,5.23E-26,2.61E-24,1.53E-22